last_activity_date_time,city_id,email,name,password,signing_up_date,telegram,role,favorite_count,failure_count,address,birthday,description,phone,skype
2021-03-16 00:56:00,43,kbuttress0@1und1.de,Karrie Buttress,JcfoKBYAB4k,2019-08-10,@Uxegon,executant,0,1,38737 Moose Avenue,1989-11-11,"In est risus, auctor sed, tristique in, tempus sit amet, sem. Fusce consequat.",64574473047,high-level
2021-03-16 00:50:00,82,baymer1@hp.com,Bob Aymer,ZEE54kg,2018-12-21,@Ytuma,executant,1,1,738 Hagan Lane,1989-03-05,Pellentesque ultrices mattis odio.,75531015353,mobile
2021-03-16 00:50:00,883,zboulding2@macromedia.com,Zilvia Boulding,VJyMV1Zat,2019-07-25,@Fytiha,executant,5,0,758 Old Shore Parkway,1989-12-30,Morbi a ipsum. Integer a nibh. In quis justo.,16371407508,Re-engineered
2021-03-16 00:32:00,856,emollon3@bloglovin.com,Emalee Mollon,XUIeJ693h,2018-11-13,@Ivazuloh,executant,3,0,11 Dovetail Junction,1989-03-03,Suspendisse potenti.,21468788926,Grass-roots
2021-03-16 00:11:00,294,mmulberry4@cmu.edu,Maria Mulberry,oWspnl,2019-07-20,@Uxusec,executant,9,1,050 Bowman Alley,1989-04-08,"Morbi quis tortor id nulla ultrices aliquet. Maecenas leo odio, condimentum id, luctus nec, molestie sed, justo.",62931646367,fault-tolerant
2021-03-16 00:33:00,193,lby5@mozilla.com,Levey By,GdtcUU,2019-02-12,@Jyluvun,executant,1,5,5 Iowa Avenue,1989-04-18,"Maecenas tristique, est et tempus semper, est quam pharetra magna, ac consequat metus sapien ut nunc. Vestibulum ante ipsum primis in faucibus orci luctus et ultrices posuere cubilia Curae; Mauris viverra diam vitae quam.",63271348718,Team-oriented
2021-03-16 00:31:00,963,beates6@last.fm,Baron Eates,UQw6VeA,2019-05-03,@Raxuf,executant,2,7,87119 Northland Hill,1989-03-20,Sed vel enim sit amet nunc viverra dapibus. Nulla suscipit ligula in lacus.,41056175169,portal
2021-03-16 00:12:00,991,tvink7@fotki.com,Trip Vink,49znXd7haFGz,2019-01-13,@Tujeriha,executant,3,1,6823 Lillian Point,1989-12-13,"Pellentesque viverra pede ac diam. Cras pellentesque volutpat dui. Maecenas tristique, est et tempus semper, est quam pharetra magna, ac consequat metus sapien ut nunc.",72882384431,intermediate
2021-03-16 00:22:00,55,bterbeck8@about.me,Boonie Terbeck,unCjJTF7sjs,2019-09-15,@Bemici,executant,6,0,43 Marquette Plaza,1989-01-14,Morbi ut odio.,69043821394,local area network
2021-03-16 00:33:00,92,atraviss9@auda.org.au,Alonzo Traviss,dLuVMAg,2018-12-19,@Ivinavih,executant,1,2,5303 Village Green Hill,1989-02-03,"Suspendisse ornare consequat lectus. In est risus, auctor sed, tristique in, tempus sit amet, sem. Fusce consequat.",28396220507,upward-trending
2021-03-16 00:14:00,91,nwitteringa@google.com.br,Natassia Wittering,tQlUG4n,2019-03-24,@Baraka,customer,0,0,67399 Reindahl Place,1989-05-23,Phasellus sit amet erat. Nulla tempus. Vivamus in felis eu sapien cursus vestibulum.,83344513307,grid-enabled
2021-03-16 00:31:00,510,fbrookeb@nba.com,Felice Brooke,s9y9Mcfgy1g,2019-09-27,@Scorpion,customer,0,0,45 Twin Pines Hill,1989-07-06,"Vivamus metus arcu, adipiscing molestie, hendrerit at, vulputate vitae, nisl. Aenean lectus. Pellentesque eget nunc.",64890419671,background
2021-03-16 00:21:00,88,cviccaryc@amazon.co.uk,Carlen Viccary,9qd747vh,2018-12-06,@Noobsaibot,customer,0,0,46 Sheridan Place,1903-04-16,Quisque ut erat. Curabitur gravida nisi at nibh. In hac habitasse platea dictumst.,23005580487,challenge
2021-03-16 00:43:00,651,hgethingsd@sogou.com,Hendrik Gethings,zzN5c4,2018-11-18,@Kitana,customer,0,0,73 Kedzie Terrace,1989-11-07,Pellentesque at nulla. Suspendisse potenti. Cras in purus eu magna vulputate luctus.,27052074771,coherent
2021-03-16 00:09:00,919,dgirodiase@stanford.edu,Dunc Girodias,j9QW6GQI,2018-10-14,@Sector,customer,0,0,85509 Ludington Drive,1989-02-13,Cras pellentesque volutpat dui.,14800371520,neutral
2021-03-16 00:01:00,77,btanmanf@smh.com.au,Bibbie Tanman,1aukKNEIneq,2019-05-03,@Syrax,customer,0,0,67 Northwestern Center,1989-07-07,Aliquam erat volutpat. In congue.,75569924500,Programmable
2021-03-16 00:05:00,8,bbartolettig@simplemachines.org,Barnabas Bartoletti,3chTNtqhoo,2018-12-25,@Shao-Khan,customer,0,0,725 Eagle Crest Hill,1989-09-29,"Nulla ac enim. In tempor, turpis nec euismod scelerisque, quam turpis adipiscing lorem, vitae mattis nibh ligula nec sem. Duis aliquam convallis nunc.",37349256497,encompassing
2021-03-16 00:02:00,394,nculliph@fc2.com,Nixie Cullip,2UdKIR2f,2019-04-07,@Shrek,customer,0,0,507 Graceland Junction,1989-03-19,Suspendisse potenti.,12403580562,knowledge base
2021-03-16 00:42:00,471,mpimblotti@xing.com,Matilde Pimblott,nGZ8disdg,2019-07-18,@Donkey,customer,0,0,92 Gina Park,1989-09-29,Phasellus sit amet erat.,40139478003,dynamic
2021-03-16 00:01:00,23,askurrayj@un.org,Al Skurray,bL9tAf,2018-11-25,@PussInBoots,customer,0,0,8 Ridgeview Trail,1989-12-21,Cras pellentesque volutpat dui.,76657531985,solution